Imitate,Emulate,Pastiche,Simulate,Mimic,,,,,,,,,,
Mediator,Arbiter,Arbitrator,Mediate,* Officiate,* Preside,,,,,,,,,
Respect,Commemorate,Deference,Exalt,Hallow,Homage,Revere,Reverence,Venerable,,,,,,
Confirm/Declare,Affirm,Ascertain,Assert,Aver,Avow,Contend,Proclaim,Testimony,,,,,,
Give up,Abdicate,Abjure,Abnegate,Cede,Forgo,Forsake,Forswear,Relinquish,Renounce,,,,,
Offensive/ Lusty,Lascivious,Leer,Lewd,Lurid,Obscene,Seamy,Sordid,Vulgar,,,,,,
To think deeply,Cogitate,Contemplate,Deliberate,Introspect,Mull,Muse,Pensive,Ponder,Reflect,Ruminate,,,,
Easily affected,Prone,Subject to,Susceptible,Vulnerable,X Impervious ,,,,,,,,,
Careless,Lax,Negligent,Remiss,Slipshod,X Stringent,,,,,,,,,
Enter without permission,Encroach,Infringe,Impinge,Intrude,Obtrude,,,,,,,,,
Friendly,Affable,Amiable,Amicable,Camaraderie,Complaisance,Congenial,Genial,Convivial,Cordial,fraternity,Gregarious,X Aloof,X Frigid,X Glacial
To irritate/ Make angry,Disgruntle,Exasperate,Harangue,Indignation,Infuriate,Irksome,Miff,Nag,Nettle,Peeve,Pique,Vex,,
Take away forcibly,Appropriate,Expropriate,Divest,Usurp,Preempt,,,,,,,,,
Inspiring fear,Awe,Formidable,Redoubtable,,,,,,,,,,,
Irritable,Cantankerous,Chagrin,Choleric,Churl,Curmudgeon,Grouch,Gruff,Irascible,Touchiness,Testy,,,,
Examine carefully,Peruse,Pore over,Scrutinize,Browse,,,,,,,,,,
Hide/Cover/Disguise,Camouflage,Cloak,Dissemble,Feign,Guise,Disguise,Incognito,Mask,Masquerade,Shroud,Veneer,,,
Secret,Clandestine,Covert,Furtive,Oblique,Skulk,Sly,Stealth,Surreptitious,X Overt,,,,,
About to happed,Imminent,Impending,,,,,,,,,,,,
