Rude,Boor,Brusque,Curt,Terse,,,,,,,,
Fluent,Articulate,Coherent,Eloquent,Enunciate/enounce,Glib,X Ineffable,X Labored,,,,,
Delay/Postpone,Adjourn,Defer,Protract,Procrastinate,,,,,,,,
Beginner/Inexperienced,Apprentice,Dilettante,Novel,Novice,Rookie,,,,,,,
Immature,Callow,Puerile,,,,,,,,,,
Working under other,Subordinate,Underlying,,,,,,,,,,
Falsehood,Mendacity,Perjury,Prevarication,X Veracity,,,,,,,,
Counter attack,Reprisal,Retaliate,,,,,,,,,,
Illogical/ Strange,Absurd,Atypical,Bizarre,Ludicrous,Outlandish,Preposterous,Uncanny,,,,,
Gloomy/ Dark,Bleak,Somber,Gloom,,,,,,,,,
Attract/Fascinate,Arresting,Captivate,Delectable,Enamored,Infatuate,Mesmerize,Rapture,Spellbinding,X Ennui,,,
Wide spread,Epidemic,Pandemic,Rampant,Rife,X Endemic,,,,,,,
Brave,Audacious,Chivalry,Dauntless,Gallant,Intrepid,Pluck,Undaunted,Valiant,Valor,,,
Embarrass,Abash,Discomfit,Mortify,,,,,,,,,
Genuine,Authentic,Legitimate,Veritable,X Counterfeit,X Factitious,X Fictitious,,,,,,
Native/Local,Indigenous,X Exotic,,,,,,,,,,
Puzzling,Conundrum,Cryptic,Enigma,Garble,Inscrutable,Intrigue,Labyrinth,Maze,,,,
Shy/Introvert,Coy,Diffidence,Reserved,Retiring,Timorous,Timid,Trepid,,,,,
Fearful/Lacking Courage,Cower,Craven,Cringe,Daunt,Flinch,Petrify,Shrink,Trepidation,,,,
Accuse/Defame,Aspersion,Calumny,Defame,Libel,Malign,Obloquy,Opprobrium,Slander,Slur,stigma,Vilify,
Disrepute/Bad reputation,Ignominy,Infamy,Nefarious,Notorious,,,,,,,,
Unintentionally,Inadvertently,Unwittingly,,,,,,,,,,
Fake/False/doubt,Apocryphal,Dubious,Erroneous,Ersatz,Fabricate,Fallacious,Illicit,Phony,Sophist,Specious,Spurious,Propaganda
Alert,Vigilant,X Disarm,X Inattentive,,,,,,,,,
Cure all,Elixir,Panacea,,,,,,,,,,
