Spotted/ Stained,Blemish,Debase,Sully,Taint,Tarnish,,,,,,,,,,,,,
Spoil/Disfigure,Deface,Distort,Impair,Mar,Warp,,,,,,,,,,,,,
Impure/Poisonous,Adulterate,Contaminate,Noxious,Toxic,Vitiate,,,,,,,,,,,,,
Get rid of/Cleanse,Catharsis,Purge,Expurgate,,,,,,,,,,,,,,,
Unmatched/Unique,Inimitable,Peerless,,,,,,,,,,,,,,,,
Persuade/Flatter,Blandish,Cajole,Coax,Cogent,Enjoin,Hortatory,Exhort,Induce,Urge,Wheedle,Woo,,,,,,,
Prove to be right,Justifiable,Necessitate,Warrant,X Gratuitous,X Untenable,X Indefensible,,,,,,,,,,,,
Uncover a secret,Unearth,Unravel,,,,,,,,,,,,,,,,
Force/ Put pressure,Coerce,Compel,Compulsion,Extort,Press,X Dissuade,,,,,,,,,,,,
Tempt/Plot/ Trick,Lure,Allure,Beguile,Collude,Conspire,Entice,Ploy,Ruse,Tactic,Deceive,,,,,,,,
Important mark,Hallmark,Milestone,Landmark,Watershed,,,,,,,,,,,,,,
Best example,Apotheosis,Archetype,Embody,Personify,Epitome,Exemplify,Paradigm,Paragon,Prototype,,,,,,,,,
Intelligent/ Wise,Acuity,Acumen,Astute,Discern,Discriminating,Insightful,Judicious,Perceptive,Perspicacious,Prudent,Sagacious,Sage,Savant,Shrewd,* Canny,* Cunning,X Impolitic,X Simpleton
Not sacred/ Worldly,Secular,Temporal,,,,,,,,,,,,,,,,
Inborn/Firmly fixed,Congenital,Entrenched,Inherent,Innate,Intrinsic,,,,,,,,,,,,,
Go off-track,Astray,Awry,Circuitous,Desultory,Digress,Discursive,Divergent,Ramble,,,,,,,,,,
Aware,Cognizant,X Oblivious,,,,,,,,,,,,,,,,
Artificial,Affected,Contrived,Mannered,Posture,Pretentious,Pretense,Plead,Behest,Beseech,Entreaty,Implore,Importune,Supplicate,,,,,
Stupid/foolish,Asinine,Fatuous,Imbecile,Inane,Oafish,Obtuse,,,,,,,,,,,,
To see,Behold,Discern,Espy,Perceive,X Imperceptible,,,,,,,,,,,,,
Sulking/Bad tempered,Dour,Morose,Peevish,Petulant,Pout,Saturnine,Sulk,Sullen,Surly,,,,,,,,,
