Chaos/Confusion,Bedlam,Pandemonium,Tumult,Turbulence,Turmoil,Upheaval,Welter,,,,,,,
Criminals/ Rule breaker,Felon,Menace,Miscreant,Rogue,Scoundrel,,,,,,,,,
Cheat/Deceive,Artful,Artifice,Bilk,Chicanery,Crafty,Duplicity,Dupe,Fleece,Guile,Gull,Hoodwink,Mislead,Swindle,Wily
Without Deception,Artless,Credence/Credible,Credulous,Guileless,Ingenuous,Naive,,,,,,,,
Repeat,Recapitulate,Rehash,Reiterate,,,,,,,,,,,
Disaster,Calamitous,Cataclysm,Debacle,X Coup,,,,,,,,,,
Doubtful,Apprehensive,Cynical,Questionable,Skeptical,,,,,,,,,,
Act Properly,Decorous,Prim,Propriety,Seemly,Becoming,X Execrable,X Flagrant,X Malfeasance,X unbecoming,,,,,
Shining,Effulgent,Luminous,Lustrous,Scintillate,,,,,,,,,,
Self-control,Abstemious,Abstinence,Celibacy,Forbear,Refrain,Temperate,X Indulge,,,,,,,
Practical/Possible,Conceivable,Credible,Feasible,Plausible,Pragmatic,Utilitarian,Viable,,,,,,,
Overly proud,Arrogant,Bombastic,Brag,Bravado,Conceit,Egotistical,Elitist,Haughty,Hubris,Pompous,Supercilious,Swagger,X Unassuming,
Lack of respect,Brazen,Cheeky,Gall,Effrontery,Impudent,Insolent,Nerve,Presumptuous,Temerity,,,,,
Show-off,Flamboyance,Flaunt,Grandiloquent,Grandiose,ostentation,Pretentious,Brandish,Panache,,,,,,
Talkative,Garrulous,Long-winded,Loquacious,Prolix,Verbiage,Verbose,Voluble,,,,,,,
Speak less/few words,Abbreviate,Abridge,Brevity,Condense,Laconic,Monosyllabic,Pithy,Reticent,Succinct,Tacit,,,,
Pretense of morality,Cant,Hypocritical,Prig,Prude,Sanctimony,,,,,,,,,
Generous supporter,Altruist,Benefactor,Beneficent,Benevolent,Humane,Magnanimous,Munificent,Patron,Philanthropist,,,,,
To give control/ Responsibility,Delegate,Devolve,,,,,,,,,,,,
Disregard,Brush aside,Discount,,,,,,,,,,,,
