Lucky,Fortuitous,Opportune,Propitious,Serendipity,X Despair,X Wretch,,,,,,,,,,
Pain/Suffering ,Adversity,Affliction,Mishap,Ordeals,Trial,Tribulation,,,,,,,,,,
Remembering the past,Evocative,Hindsight,Nostalgia,Reminiscence,Retrospect,Wistful,,,,,,,,,,
Excessive patriotism,Chauvinism,Fanatic,Idealogue,Jingoism,Zealot,,,,,,,,,,,
Very less,Exiguous,Meager,Puny,Scanty,Skimp,Spare,Sparse,,,,,,,,,
Routine Behavior,Wont,,,,,,,,,,,,,,,
Wealthy,Affluent,Opulent,,,,,,,,,,,,,,
Increase,Accretion,Aggrandize,Augment,Balloon,Dilate,Enhance,Mounting,Proliferate,Wax,X Wane,,,,,,
Combine,Amalgam,Coalition,Meld ,Synthesis,,,,,,,,,,,,
Reduce/Restrict,Constrict,Contract,Curtail,Dwindle,Flag,,,,,,,,,,,
Unwilling to spend ,Closefisted ,Tightfisted,Miser,Niggard,Parsimonious,Skinflint,Stingy,Stint,Frugal,Husbandry,Thrift,X Spendthrift,X Squander,X Profligate,X extravagance,X Prodigal
Lessen in intensity,Abate,Ebb,Recede,Subside,,,,,,,,,,,,
Relevant,Apposite,Apropos,Germane ,Pertinent,,,,,,,,,,,,
Excess,Abound,Barrage,Bounteous ,Copious,Glut,Inundate,Myriad,Plethora,Profuse,Prolific,Steep,Surfeit,Surge,Teem,,
Unclear in meaning,Ambivalent,Ambiguous,Equivocal,,,,,,,,,,,,,
Explain too much,Belabor (argument),X Understatement,,,,,,,,,,,,,,
Cannot be defeated,Impervious,Indomitable,,,,,,,,,,,,,,
