Unsteady walk/ Hesitate,Falter,Founder,Flounder,Fumble,Totter,Wobble,,,,,,,,,
Without real power,Figurehead,Nominal,Titular,,,,,,,,,,,,
Disrespecting sacred things,Blasphemy,Desecrate,Impious,Profane,Sacrilege,X Consecrate,X Sacrosanct,X Anoint,,,,,,,
Not thorough/ Superficially,Cursory,Perfunctory,Summarily,Superficially,,,,,,,,,,,
Ban,Interdict,Sanction,Veto,,,,,,,,,,,,
Can�t decide/Fluctuating,Arbitrary,Capricious/ caprice,Erratic,Inconsistent,Irresolute,Mercurial,Oscillate,Sway,Temperamental,Vacillate,Volatile,Waffle,Waver,Whimsical,
Careless/Dirty,Dishevel,Rumple,Shabby,Shoddy,Sloppy,Slovenly,Unkempt,,,,,,,,
Dead end,Impasse,Stalemate,,,,,,,,,,,,,
Restrict/Stop/Prevent,Check,Deter,Foil,Forestall,Frustrate,Hinder,Impede,Impediment,Inhibit,Obstruct,Occlude,Preclude,Retard,Stanch,Thwart
Mutual agreement,Consensus,Unanimous,,,,,,,,,,,,,
Activate/speedup,Catalyst,Engender,Expedite,Facilitate,Kindle,Precipitate,Prompt,Propel,Spur,Stimulate,,,,,
Helpful,Solicitous,X Officious,,,,,,,,,,,,,
Confirm/Support,Affirm,Clinch,Corroborate,Endorse,Ratify,Substantiate,Testify,Validate,X Unfounded,,,,,,
Left over,Remnant,Residual,Trace,Vestige,Modicum,,,,,,,,,,
Attractive Decorative,Adorn,Embellish,Florid,Ornate,Resplendent,Spectacular,,,,,,,,,
Simple/Plain/Boring,Ascetic,Austere,Bland,Drab,Insipid,Prosaic,Stark,Vapid,,,,,,,
To blame/Accuse/Charge,Allege/Allegation,Implicate,Impute,Incriminate,Indict,Recriminate,Culpable,,,,,,,,
Punish,Condemn,Convict,Immure,Incarcerate,X Amnesty,X Condone,X Reprieve,,,,,,,,
Free from blame,Absolve,Acquit,Exculpate,Exonerate,Vindicate,,,,,,,,,,
Harmless/Kind,Benign,Innocuous,,,,,,,,,,,,,
