Short Lived,Ephemeral,Evanescent,Fleet,Transient,Transitory,,,,,,,,,,,,,
Never Ending/ non-stop,Chronic,Incessant,Inexorable,Interminable,Perennial,Relentless,,,,,,,,,,,,
End/Stop,Culminate,Cease,Terminate,X Onset,,,,,,,,,,,,,,
Irregular/ Periodically,Fitfully,Intermittent,Occasional,Spasmodic,Sporadic,,,,,,,,,,,,,
Calm down/ to make better,Allay,Alleviate,Ameliorate,Appease,Assuage,Conciliation,Extenuate,Mitigate,Mollify,Pacify,Placate,Propitiate,Solace,X temper,X Exacerbate,,,
Lacking energy/lazy,Indolent,Jaded,Lackadaisical,Lackluster,Languid,Lassitude,Lethargic,Listless,Sloth,Sluggish,Torpor/Torpid,,,,,,,
Hard working,Assiduous,Diligent,Industrious,Painstaking,Sedulous,Toil,,,,,,,,,,,,
Happy/Joyous,Beam,Ecstasy,Elated,Euphoria,Exhilaration,Exultant,Felicity,Gay,Gaiety,Jest,Jocular,Jocund,Jolly,Jovial,Jubilant,Rapture,Regale,Uproarious
Unimportant/ Trivial,Expendable,Fringe,Incidental,Inconsequent,Marginalization,Peripheral,Trivial,,,,,,,,,,,
Sad/Depressed,Anguish,Bereaved,Bleak,Crestfallen,Dejected,Desolate,Despond,Forlorn,Lament,Lugubrious,Melancholy,Pathos,Plaint,Poignant,Woe,,,
Enthusiastic/Excited,Ardor,Ardent,Avid,Effervescent,Frisky,Effusive,Exuberant,Ebullient,Fervent,Fervor,Impassioned,Vivacious,Zeal,Zest,Jest,X Dampen,X Tepid,
Unusual/Exception,Aberration,Anomaly,Deviate,,,,,,,,,,,,,,,
Ordinary,Banal,Cliche,Commonplace,Derivative,Humdrum,Mundane,Pedestrian,Platitude,Plebeian,Trite,Unremarkable,,,,,,,
Related,Affiliated,Kindred,,,,,,,,,,,,,,,,
Difficult to understand,Abstruse,Arcane,Esoteric,Obscure,Occult,Profound (???),Profundity,Recondite,X Perspicuous,,,,,,,,,
Crucial/Significant,Foremost,Imperative,Indispensable,Mandatory,Momentous,Paramount,Pivotal,Salient,Linchpin,,,,,,,,,
