Attractive,Aesthetic,Comely,,,,,,,,,,,
Avoid/Dodge,Avert,Circumvent,Elude,Evade,Dodge,Parry,Shirk,Shunt,Skirt,Swerve,X Head-on,X inevitable,
Awkward,Clumsy,Gauche,Gawky,Ungainly,Feckless,,,,,,,,
Be slow,Dally,Dilly Dally,Dawdle,Dilatory,Laggard,Linger,Malinger,,,,,,
Detailed knowledge,Cerebral,Erudite,Pundit,,,,,,,,,,
Flexible,Limber,Nimble,Supple,Lithe,,,,,,,,,
Foolish Talk,Babble,Blather,Jabber,Nonsensical,Prate,Prattle,Gibberish,Drawl,Drivel,,,,
Having twists,Circuitous,Convoluted,Intertwined,Sinuous,Tortuous,,,,,,,,
Horrifying,Aghast,Appalling,Egregious,Ghastly,Grisly,Gross,Grotesque,Heinous,Horrendous,Monstrous,Morbid,Vile,Unsightly
Optimists,Buoyant,Sanguine,,,,,,,,,,,
Prediction,Augur,Forecast,Foresee,Foresight,Foretell,Presage,Prescience,Prognosis,,,,,
Separate,Disjointed,Polarize,Segregate,X Nexus,,,,,,,,,
Sign (Warning),Forebode,Foreshadow,,Portend/,portent,Premonition,,,,,,,
Skillful,Adept,Adroit,Agile,Deft,Dexterous,Proficient,Prowess,X Inept,X Maladroit,,,,
Ineffective,Futile,Ineffectual,X Efficacy,,,,,,,,,,
Threatening,Intimidate,Ominous,Sinister,,,,,,,,,,
To do with teaching,Pedantic,Sophist,Didactic,,,,,,,,,,
Spread,Diffuse,Disseminate,Propagate,Promulgate,,,,,,,,,
Very angry,Enrage,Fume,Glower,Incense,Infuriate,Irate,Ire,Livid,Seethe,Smolder,Wrath,,
Inclination,Affinity,Bent,Disposed,Predisposition,Penchant,Predilection,Proclivity,Propensity,,,,,
,,,,,,,,,,,,,
,,,,,,,,,,,,,
,,,,,,,,,,,,,
,,,,,,,,,,,,,
,,,,,,,,,,,,,
,,,,,,,,,,,,,
,,,,,,,,,,,,,
,,,,,,,,,,,,,
,,,,,,,,,,,,,
,,,,,,,,,,,,,
,,,,,,,,,,,,,
,,,,,,,,,,,,,
,,,,,,,,,,,,,
,,,,,,,,,,,,,
