Small,Diminutive,Infinitesimal,Minuscule,Slight,,,,,,,,,
Huge/Big,Behemoth,Colossal,Gargantuan,Gigantic,Humongous,Mammoth,Monolithic,Monumental,Prodigious,Titanic,Towering,Voluminous,
Thorough/Precise,Conscientious,Fastidious,Meticulous,Nice,Punctilious,Purist,Scrupulous,,,,,,
Fussy,Finicky,Nitpick,Persnickety,Squeamish,Stickler,,,,,,,,
Desiring only pleasure,Hedonist,Sybarite,,,,,,,,,,,
Insignificant,Marginal,Minute,Negligible,Paltry,Token,Trivial,Trifle,,,,,,
To guess/ Infer,Infer,Conjecture,Construe,Deduce,Extrapolate,Inductive,Surmise,,,,,,
Hint/Indirect reference,Allude/allusion,Cue,Implicit,Innuendo,Insinuation,Tacit,X Blatant,X Cite,X Explicit,,,,
Minor differences,Nuance,Subtle,Shades,,,,,,,,,,
Long essay/Speech,Discourse,Dissertation,Rhetoric,,,,,,,,,,
Frank,Candid/Candor,Forthright,Vocal,,,,,,,,,,
Mistake/Act done carelessly,Botch,Bungle,Misnomer,Tactless,X Fineness,,,,,,,,
Strength/Support,Bastion,Bolster,Buttress,Fortify,Prime,Prop,,,,,,,
Exclude/Forbid,Ostracize,Taboo,,,,,,,,,,,
Place side by side,Abut,Adjacent,Contiguous,Juxtaposition,,,,,,,,,
To do reluctantly,Reluctant,Balk,Grudge,,,,,,,,,,
To do happily,Alacrity,Obliging,,,,,,,,,,,
Used to,Habituate,Immune,Inure,Inveterate,,,,,,,,,
Understand,Apprehend,Comprehend,Assimilate,Fathom,Intelligible,X illegible,,,,,,,
Weak/Fragile,Flimsy,Fragile,Frail,Intangible,Tenuous,X Corporeal,X Bodily,X Palpable,X Substantial,X Tactile,X Tangible,,
Pertaining to religion,Agnostic,Atheist,Pious,Proselytize,Theist,Theology,,,,,,,
Weaken,Erode,Undercut,Undermine,Subvert,X undergird,,,,,,,,
Theory without evidence,Hypothetical,Speculate,X Empirical,,,,,,,,,,
Dramatic behavior,Histrionic,Melodramatic,,,,,,,,,,,
Sympathy,Compassion,Empathy,X Callous,,,,,,,,,,
Fully satisfied,Gratify,Quench,Replete,Satiate,Saturate,Suffice,,,,,,,
Remove / Destroy,Annihilate,Decimate,Devastate,Efface,Eradicate,Excise,Expunge,Exterminate,Extirpate,Obliterate,Perish,Raze,X Indelible
Lacking,Bereft,Deprive,Devoid,Wanting,,,,,,,,,
