Aggressive/Argumentative,Bellicose,Belligerent,Contention,Disputatious,Fractious,Hostility,Litigious,Polemical,Pugnacious,Truculent,,
Agreement/harmony,Accord,Concord,Conformity,Congruous,Consonance,Reconcile,X Discord,X Discrepancy,X Dissonance,X Incompatible,X Irreconcilable,
Argue/Fight,Altercation,Bicker Truculent,Brawl,Combat,Contend,Row,Scuffle,Squabble,Tiff,Tussle,X Truce,
Biased,Bigot,Partisan,Prejudiced,Tendentious,X Disinterested,,,,,,,
Calm,Aplomb,Composure,Equanimity,Impassive,Imperturbable,Nonchalant,Phlegmatic,Placid,Serene,Staid,Stolid,Tranquil
Disturb/Agitated,Consternation,Disconcert,Dismay,Disquiet,Distraught,Faze,Fluster,Frenetic,Hysterical,Implacable,Perturb,Overwrought
Dominating,Absolute,Authoritative,Autocrat,Despot,Doctrinaire,Dogmatic,Hegemony,Imperious,Martinet,Totalitarian,Tyranny,
Equality,Commensurate,Parity,Peer,Tantamount,X Disparate,,,,,,,
Excessive Flattery,Adulate,Fawn,Fulsome,Obsequious,Sycophant,,,,,,,
Impartial (Not Biased),Impartial,Dispassionate,Egalitarian,Equitable,Evenhanded,Objectivity,,,,,,
Include everything,Comprehensive,Encompass,Expansive,Pervasive,,,,,,,,
Insulting words,Derogate,Deprecate,Pejorative,,,,,,,,,
Indifferent,Apathy,Stoic,,,,,,,,,,
Make hostile,Alienate (make strange),Estrange,Antagonize,,,,,,,,,
Present everywhere,Omnipresent,Ubiquitous,,,,,,,,,,
Narrow minded,Insular,Myopic,Provincial,,,,,,,,,
Not serious,Blithe,Facetious,Flippant,Frivolous,Insouciant,Levity,X Grave/Gravity,,,,,
Split/gap,Chasm,Dichotomy,Gulf,Rift,Schism,,,,,,,
Surprise/Confuse,Astound,Baffle,Befuddle,Bemuse,Bewilder,Confound,Foxed,Nonplus,Obfuscate,perplex,Stupefy,Flabbergast
Suppress/end,Quash,Quell,Repress,Subdue,,,,,,,,
Being alike,Homogeneity,Uniformity,X Heterogeneity,,,,,,,,,
Come to out from,Emanate,Emit,,,,,,,,,,
Easily noticeable,Conspicuous,Patent,Prominent,,,,,,,,,
Overly obedient,Grovel,Servile,Slavish,Subservient,Supplicant,,,,,,,
