Bitter feelings,ill-will,Malevolence,Malice,,Rancor,Vicious,,,Virulent,,,,,,,,,,,,,,,,,,,,,,,
Cautious/Careful,,,,,,,,,,,,,,,,,,,,,,,,,,,,,,,,
Caveat,Caveat,Chary,Circumspect,Gingerly,Heedful,Leery,Prudent,Wary,Precaution,X Daredevil,X Reckless,X Folly,X Foolhardy,X Rash,,,,,,,,,,,,,,,,,,
Complain,Captious,Carp,Grouse,Querulous,,,,,,,,,,,,,,,,,,,,,,,,,,,,
Danger/Trap,Jeopardy,,Pitfall,Precarious,Snare,,,,,,,,,,,,,,,,,,,,,,,,,,,
Disapprove/Scold,Assail,Berate,Castigate,Decry,Denounce,Denunciation,Diatribe,Epithet,Excoriate,,Fulminate,Invective,Vituperative,Lambaste,Ranting,Tirade,Revile,Rile,Upbraid,,,,,,,,,,,,,
Hate,Abhor,Animus,Antipathy,Aversion,Despicable,Detest,Loathe,Odious,Repel,Repulsion,Repugnant,,,,,,,,,,,,,,,,,,,,,
Minor Scold/Warning,Monish/ Admonish,Censure,Chide,Rebuke,,Reprimand,Reproach,Reprove,,,,,,,,,,,,,,,,,,,,,,,,
Mock/Disrespect,Abase,Banter,Belittle,Condescend,Contempt,Denigrate,,Deride,Disdain,Disparage,Jeer,Patronize,Sarcastic,Sardonic,Scoff,Scorn,Sneer,Snicker,Snide,Spurn,Taunt,,,,,,,,,,,
Old fashioned/outdated,Antediluvian,Antiquated,Archaic,dated,Obsolete,Outmoded,Quaint,,,,,,,,,,,,,,,,,,,,,,,,,
Time related words,Anachronism,Chronicle,Chronological,,,,,,,,,,,,,,,,,,,,,,,,,,,,,
Praise,Acclaim,,Accolade,Applaud,Laud,Plaudit,Approbation,Commend,,Encomiast,Eulogy,Exalt,Extol,Glorify,Lionize,,,,,,,,,,,,,,,,,
Rebellious/Unconventional,Dissident,Heterodox,Heretical,Heresy,Iconoclast,Insurgent,Insurrection,Maverick,Subvert,,Nonconformist,Radical,Renegade,Revolutionary,X Conservative,X conventional,X hidebound,X Orthodox,X Reactionary,,,,,,,,,,,,,
Self-satisfaction,Complacent,Gloat,Smirk,Smug,Bask,,,,,,,,,,,,,,,,,,,,,,,,,,,
Similarity,Analogy,,X Antithetical,,,,,,,,,,,,,,,,,,,,,,,,,,,,,
To defeat,Drub,Pulverize,rout,Subjugate,Vanquish,,,,,,,,,,,,,,,,,,,,,,,,,,,
Rule/Principle/Law,Axiom,Canon,Dictum,Doctrine,Dogma,Mandate,Ideology,Tenet,,,,,,,,,,,,,,,,,,,,,,,,
Troubled,Beset,Beleaguered,Plagued,,,,,,,,,,,,,,,,,,,,,,,,,,,,,
Coming Together,Coalesce,Rally,,,,,,,,,,,,,,,,,,,,,,,,,,,,,,
Emphasize,Accentuate,Foreground,Underscore,,,,,,,,,,,,,,,,,,,,,,,,,,,,,
,,,,,,,,,,,,,,,,,,,,,,,,,,,,,,,,
,,,,,,,,,,,,,,,,,,,,,,,,,,,,,,,,
,,,,,,,,,,,,,,,,,,,,,,,,,,,,,,,,
