Harsh/ Biting/ Sharp,Acerbic,Acrimonious,Caustic,Incisive,Scathe/ Scathing,Trenchant,X Euphemism,
Village like,Bucolic,Pastoral,Rustic,,,,,
Revenge,Vengeance,Vindictive,Retribution,,,,,
After effects,Ensue,Ramification,Repercussion,,,,,
Spiritual,Sublime,,,,,,,
Independence/Freedom,Autonomy,Latitude,Sovereign,,,,,
Variety,Diversity,Eclectic,Motley,Multifaceted,Multifarious,Sundry,Variegate,Versatile
Inactive,Dormant,Latent,Quiescent,Stagnant,,,,
Reveal,Divulge,X Conceal,X Secrete,,,,,
Exaggerate,Hyperbole,X Underplay,X Understate,,,,,
Stir up/ Revolt,Incite,Incendiary,Instigate,Goad,Provoke,Sedition,Foment,Revolt
Seller,Purveyor,Vendor,,,,,,
Inferior rank,Demote,Relegate,,,,,,
Bad smell,Noisome,Rank,,,,,,
To rise beyond,Outclass,Transcend,,,,,,
Excusable,Venial,,,,,,,
Story,Anecdote,Narrative,,,,,,
To put on,Don,,,,,,,
Indirect experience,Vicarious,,,,,,,
Farewell,Parting,Valedictory,,,,,,
Hesitate on moral grounds,Compunction,Misgivings,Qualms,Scruples,,,,
