Greed,Avarice,Covetous,Cupidity,Glutton,Rapacious,Ravenous,Voracious,Mercenary,,,,,,,
Overly Noisy,Cacophony,Clamor,Clangor,Din,Discordant,Raucous,Strident,Boisterous,Uproar,Vociferous,Obstreperous,X Inaudible,,,
Pleasant Sounding,Euphony,Melodious,Mellifluous,,,,,,,,,,,,
Supporter,Advocate,Lobbyist,Ally,Champion,Espouse,Proponent,Protagonist,Tout,X Adversary,X Antagonist,X Detractor,X Foe,X Inimical,X Nemesis,X Opponent
Planned,Deliberate,Forethought,Intentional,Premediate,Studied,X Extemporaneous,X Impetuous,X Impromptu,X Improvise,X Offhand,,,,,
Unnecessary,Extraneous,Redundant,Superfluous,,,,,,,,,,,,
Resolute/unchangeable,Dogged,Endure,Immutable,Indefatigable,Perseverance,Persistence,Steadfast,Tenacious,,,,,,,
To object/resist,Defy,Demur,Dissent,,,,,,,,,,,,
To make up /Create,Concoct,Devise,Formulate,* Conjure,,,,,,,,,,,
Accept,Accede,Acquiesce,Amenable,Assent,Comply,Compliance,Concede,Concur,concurrence,Relent,Succumb,* Docile,* Malleable,,
To disprove/ To prove false,Belie,Debunk,Discredit,Expostulate,Rebut,Refute,Remonstrate,,,,,,,,
Cancel/Take back,Annul,Disavow,Gainsay,Null,Void,Recant,Renege,Repeal,Repudiate,Rescind,Retract,Revoke,,,
Energizing,Galvanizing,invigorate,Revitalize,Rousing,,,,,,,,,,,
Stubborn,Adamant,Defiance,Incorrigible,Intractable,Intransigent,Obdurate,Obstinate,Pertinacious,Perverse,Refractory,Willful,,,,
Break a rule,Breach,Infraction,Transgress,X Abide,X Adhere,,,,,,,,,,
Famous Person,Eminent,Luminary,Pre-eminent,Stature,,,,,,,,,,,
Profitable,Remunerative,Lucrative,,,,,,,,,,,,,
Clothing,Raiment,Sartorial,,,,,,,,,,,,,
Severe,Acute,Severe,,,,,,,,,,,,,
Co-existing,Contemporary,Simultaneous,,,,,,,,,,,,,
To approach something,Accost,Broach,,,,,,,,,,,,,
Urgent/Demanding,Exigent,Pressing,,,,,,,,,,,,,
